User ID,User Name,User Type,Posts_count
User_1,User123,Regular User,1
User_2,CommuterX,Regular User,1
User_3,FitnessFan,Influencer,1
User_4,AdventureX,Regular User,1
User_5,ChefCook,Regular User,1
User_6,GratitudeNow,Influencer,1
User_7,RainyDays,Regular User,1
User_8,MovieBuff,Regular User,2
User_9,DebateTalk,Influencer,1
User_10,BeachLover,Influencer,1
User_11,BloggerX,Influencer,1
User_12,WellnessCheck,Regular User,1
User_13,UrbanExplorer,Regular User,1
User_14,FitJourney,Influencer,1
User_15,TechEnthusiast,Regular User,1
User_16,Reflections,Influencer,1
User_17,PetAdopter,Regular User,1
User_18,GamerX,Influencer,1
User_19,TechConference,Influencer,1
User_20,WinterBlues,Regular User,1
User_21,Bookworm,Influencer,3
User_22,VRExplorer,Regular User,1
User_23,ProductivityPro,Influencer,1
User_24,FitnessWarrior,Influencer,1
User_25,CareerMilestone,Regular User,1
User_26,BrunchBuddy,Regular User,1
User_27,LanguageLearner,Influencer,1
User_28,BookLover,Regular User,1
User_29,MentalHealthMatters,Influencer,1
User_30,ArtistInAction,Regular User,1
User_31,RoadTripper,Influencer,1
User_32,SunsetWatcher,Regular User,2
User_33,CodeEnthusiast,Influencer,1
User_34,WorkshopAttendee,Influencer,1
User_35,WinterSports,Regular User,1
User_36,FamilyTime,Influencer,1
User_37,MusicLover,Influencer,2
User_38,MindfulMoments,Regular User,1
User_39,DessertExplorer,Regular User,1
User_40,GamingEnthusiast,Influencer,2
User_41,GardenPlanner,Influencer,1
User_42,BirthdayBash,Regular User,1
User_43,ProductivityWin,Influencer,1
User_44,MovieNight,Influencer,1
User_45,ArtExplorer,Regular User,2
User_46,BookwormX,Regular User,1
User_47,VRMeetup,Influencer,1
User_48,NatureLover,Regular User,1
User_49,ChefAtHome,Influencer,1
User_50,OptimisticMindset,Regular User,1
User_51,FitnessChallenge,Influencer,1
User_52,BikeExplorer,Influencer,1
User_53,SocialJustice,Influencer,1
User_54,ThrillerFan,Regular User,1
User_55,EmpathyFirst,Influencer,1
User_56,EcoAwareness,Influencer,1
User_57,ProudFriend,Influencer,1
User_58,ComedyFan,Influencer,1
User_59,LoveSpreader,Regular User,1
User_60,AmusedSoul,Influencer,1
User_61,BookLoverAgain,Influencer,1
User_62,NatureAdmirer,Influencer,3
User_63,AffectionSender,Regular User,1
User_64,AweStruck,Influencer,1
User_65,FoodieGoneWrong,Influencer,1
User_66,HappySurprise,Influencer,1
User_67,AcceptanceSeeker,Regular User,1
User_68,PetAdorer,Influencer,1
User_69,AdventureAwaits,Influencer,2
User_70,LearnFromBitter,Influencer,1
User_71,ZenMaster,Regular User,1
User_72,ConfusedMind,Influencer,1
User_73,VacationDreamer,Influencer,2
User_74,KindnessPrevails,Influencer,1
User_75,PersonalAchiever,Influencer,1
User_76,ReflectiveSelf,Regular User,1
User_77,AngryDebater,Influencer,1
User_78,FearfulDreamer,Regular User,1
User_79,FarewellHeart,Influencer,1
User_80,AntiCorruption,Influencer,1
User_81,NewParentJoy,Influencer,1
User_82,StandUpFan,Influencer,1
User_83,LoveSender,Regular User,1
User_84,PetAmuser,Influencer,1
User_85,TravelExplorer,Influencer,1
User_86,CharityAdmirer,Influencer,1
User_87,FamilyLover,Regular User,1
User_88,Stargazer,Influencer,2
User_89,ProjectStruggle,Influencer,1
User_90,JoyfulReunion,Influencer,1
User_91,LifeAcceptance,Regular User,1
User_92,PuppyAdmirer,Influencer,1
User_93,MovieBuff2,Influencer,1
User_94,CustomerWoes,Influencer,1
User_95,CalmSoul,Regular User,1
User_96,ConfusedMind2,Influencer,1
User_97,BirthdayExcite,Influencer,1
User_98,KindnessObserver,Influencer,1
User_99,FitAchiever,Influencer,1
User_100,ReflectiveSelf2,Regular User,1
User_101,DiversityLover,Influencer,1
User_102,BookwormJoy,Influencer,1
User_103,WorkplaceWoes,Regular User,1
User_104,MindfulMe,Regular User,1
User_105,ConfusedMind3,Influencer,1
User_106,RoadTripper2,Influencer,1
User_107,KindnessPrevails2,Influencer,1
User_108,GoalAchiever,Regular User,1
User_109,ReflectiveSelf3,Regular User,1
User_110,NostalgiaFan,Influencer,1
User_111,SportsFanatic,Regular User,1
User_112,NatureLover2,Influencer,1
User_113,ZenMaster2,Influencer,1
User_114,ThankfulHeart,Influencer,1
User_115,OptimisticSoul,Influencer,1
User_116,CommunityLeader,Regular User,1
User_117,CharitySupporter,Influencer,1
User_118,LovingHeart,Influencer,1
User_119,ExcitementFan,Influencer,1
User_120,ProjectEnthusiast,Regular User,1
User_121,MilestoneAchiever,Influencer,1
User_122,HistoryLover,Influencer,1
User_123,JoyfulReunion2,Influencer,1
User_124,MusicEnthusiast,Regular User,1
User_125,SimpleJoys,Influencer,1
User_126,BookLover3,Influencer,1
User_127,SupportiveFriend,Regular User,1
User_128,JourneyOptimist,Influencer,1
User_129,GrowthSeeker,Influencer,2
User_130,HolidayHelper,Influencer,1
User_131,WinterWarmth,Influencer,3
User_132,AdventureAwaits,Influencer,2
User_133,CreativeSpirit,Regular User,1
User_134,FitnessAchiever,Influencer,2
User_135,ArtAppreciator,Influencer,1
User_136,GoalAchiever2,Influencer,1
User_137,UrbanExplorer2,Influencer,1
User_138,BirthdayJoy,Regular User,1
User_139,HomeChef,Influencer,2
User_140,MusicLover4,Influencer,1
User_141,CommunityLove,Influencer,1
User_142,EntrepreneurHope,Influencer,1
User_143,MentorEmpower,Regular User,1
User_144,KindnessInAction,Influencer,1
User_145,LoveExpress,Influencer,1
User_146,TravelExcitement,Influencer,1
User_147,ArtisticSpirit,Regular User,1
User_148,HelperHeart,Influencer,1
User_149,HistoryBuff,Influencer,1
User_150,FitnessAchiever2,Influencer,1
User_151,ProductLaunchJoy,Regular User,1
User_152,LovingEmbrace,Influencer,1
User_153,SunsetWatcher2,Influencer,1
User_154,JoyfulHeart2,Regular User,1
User_155,GrowthOptimist,Influencer,1
User_156,SkillEmpower,Influencer,1
User_157,CharityVolunteer,Influencer,1
User_158,PetLove,Influencer,1
User_159,FestivalFan,Influencer,1
User_160,DIYEnthusiast,Regular User,2
User_161,PuzzleMaster,Influencer,1
User_162,NatureAdmirer,Influencer,3
User_163,ChildhoodJoy,Influencer,1
User_164,StrugglingSoul,Regular User,1
User_165,MourningHeart,Regular User,1
User_166,SolitarySoul,Regular User,1
User_167,EnviousObserver,Regular User,1
User_168,BitterHeart,Regular User,1
User_169,BlockedGoals,Regular User,1
User_170,BoredMind,Regular User,1
User_171,WorriedMind,Regular User,1
User_172,FearfulSoul,Regular User,1
User_173,OverwhelmedHeart,Regular User,1
User_174,CovetousMind,Regular User,1
User_175,RemorsefulSoul,Regular User,1
User_176,DisgustedHeart,Regular User,1
User_177,HopelessHeart,Regular User,1
User_178,TearfulSoul,Regular User,1
User_179,IsolatedMind,Regular User,1
User_180,SelfDoubt,Regular User,1
User_181,BrokenTrust,Regular User,2
User_182,ExplosiveMind,Regular User,1
User_183,MundaneHeart,Regular User,1
User_184,RestlessMind,Regular User,1
User_185,FearfulJourney,Regular User,1
User_186,OverwhelmedSoul,Regular User,1
User_187,GreenEyedMonster,Regular User,1
User_188,RegretfulMind,Regular User,1
User_189,CorruptedHeart,Regular User,1
User_190,DrowningSoul,Regular User,1
User_191,StormyHeart,Regular User,1
User_192,EchoingSoul,Regular User,1
User_193,PoisonedMind,Regular User,1
User_194,UnforgivingSoul,Regular User,1
User_195,ThunderingMind,Regular User,1
User_196,StagnantHeart,Regular User,1
User_197,InquisitiveMind,Regular User,1
User_198,ApatheticObserver,Regular User,1
User_199,SeekingClarity,Regular User,1
User_200,EmotionallyDistant,Regular User,1
User_201,SunsetDreamer,Regular User,1
User_202,MemoryLaneTraveler,Regular User,1
User_203,MixedFeelings,Regular User,1
User_204,ZenLifestyle,Regular User,1
User_205,ResilientSpirit,Regular User,1
User_206,NatureSoul,Regular User,1
User_207,EternalLearner,Influencer,1
User_208,AloofObserver,Regular User,1
User_209,ThoughtExplorer,Regular User,1
User_210,StoicSoul,Regular User,1
User_211,DreamerInSilence,Regular User,1
User_212,JournalKeeper,Regular User,1
User_213,ThreadWeaver,Regular User,2
User_214,SelfLoveAdvocate,Regular User,1
User_215,DreamChaser,Influencer,2
User_216,OceanSoul,Influencer,1
User_217,HorizonExplorer,Influencer,1
User_218,NonchalantSpirit,Regular User,1
User_219,ComplexThinker,Regular User,1
User_220,ShieldedHeart,Regular User,1
User_221,SymphonySoul,Regular User,1
User_222,YearbookExplorer,Regular User,1
User_223,DecisiveDilemma,Regular User,1
User_224,ImperfectHarmony,Influencer,1
User_225,VisionarySpirit,Influencer,1
User_226,ForestDreamer,Influencer,3
User_227,SilentSpectator,Regular User,1
User_228,MazeNavigator,Regular User,1
User_229,ResilientFortress,Regular User,1
User_230,CanvasDreamer,Regular User,1
User_231,DiaryExplorer,Regular User,1
User_232,CrossroadsTraveler,Regular User,1
User_233,MosaicDreamer,Influencer,1
User_234,PathfinderSpirit,Influencer,1
User_235,RaindropHarmony,Influencer,1
User_236,SeekerOfUnknowns,Influencer,1
User_237,NonchalantWanderer,Regular User,1
User_238,ShadowedSeeker,Regular User,1
User_239,TurbulentShield,Regular User,2
User_240,WistfulPainter,Regular User,1
User_241,TaleWeaver,Regular User,1
User_242,CrossroadsExplorer,Regular User,1
User_243,MosaicArtist,Influencer,1
User_244,DreamSculptor,Influencer,1
User_245,MoonlitSoul,Influencer,1
User_246,FearlessExplorer,Influencer,1
User_247,TurbulentShield,Regular User,2
User_248,JoyfulDancer,Regular User,1
User_249,SereneBasker,Influencer,1
User_250,DreamPainter,Regular User,1
User_251,OakAchiever,Influencer,1
User_252,HeartGardener,Influencer,1
User_253,ThreadWeaver,Regular User,2
User_254,CloudCaretaker,Influencer,1
User_255,RainDancer,Influencer,1
User_256,SkyPainter,Influencer,1
User_257,PhoenixExplorer,Regular User,1
User_258,SunriseNavigator,Regular User,1
User_259,SandStrider,Influencer,1
User_260,NightSerenader,Regular User,1
User_261,KnowledgeSeeker,Influencer,1
User_262,BreezeWaltzer,Regular User,1
User_263,StarNavigator,Influencer,1
User_264,MeadowSprinter,Regular User,1
User_265,RainNurturer,Influencer,3
User_266,PeakConqueror,Influencer,3
User_267,DawnGardener,Regular User,3
User_268,CarnivalDreamer,Influencer,3
User_269,SkyArtist,Influencer,2
User_270,RiverNavigator,Influencer,2
User_271,LanternWanderer,Regular User,2
User_272,DreamSoarer,Influencer,2
User_273,SunsetAdmirer,Influencer,2
User_274,DanceStrider,Influencer,2
User_275,WindWhisperer,Regular User,3
User_276,JugglingArtist,Influencer,2
User_277,StarStoryteller,Regular User,2
User_278,WaveNavigator,Influencer,2
User_279,RainNurturer,Influencer,3
User_280,PeakConqueror,Influencer,3
User_281,DawnGardener,Regular User,3
User_282,CarnivalDreamer,Influencer,3
User_283,SkyArtist,Influencer,2
User_284,RiverNavigator,Influencer,2
User_285,LanternWanderer,Regular User,2
User_286,DreamSoarer,Influencer,2
User_287,SunsetAdmirer,Influencer,2
User_288,DanceStrider,Influencer,2
User_289,WindWhisperer,Regular User,3
User_290,JugglingArtist,Influencer,2
User_291,StarStoryteller,Regular User,2
User_292,WaveNavigator,Influencer,2
User_293,RainNurturer,Influencer,3
User_294,PeakConqueror,Influencer,3
User_295,DawnGardener,Regular User,3
User_296,CarnivalDreamer,Influencer,3
User_297,ShatteredHeart,Regular User,1
User_298,VenomousSoul,Regular User,1
User_299,DesertWanderer,Regular User,1
User_300,ColdEmbrace,Regular User,1
User_301,NightPrisoner,Influencer,2
User_302,TightropeWalker,Regular User,1
User_303,AtlasBearer,Influencer,1
User_304,GreenMonster,Regular User,1
User_305,StormSurvivor,Influencer,1
User_306,PuzzleComposer,Regular User,1
User_307,GildedHeartache,Influencer,1
User_308,IndifferentFort,Regular User,2
User_309,DreamMosaic,Regular User,2
User_310,NocturnalEcho,Influencer,2
User_311,DarkWhispers,Regular User,1
User_312,LingeringTaste,Regular User,1
User_313,TempestSurvivor,Influencer,1
User_314,VenomousHeart,Regular User,1
User_315,FragileTrust,Influencer,1
User_316,BrokenThreads,Regular User,1
User_317,SuccessPill,Influencer,1
User_318,CurtainShield,Regular User,1
User_319,FoggyLabyrinth,Regular User,1
User_320,IcyResentment,Regular User,1
User_321,SolitaryMoon,Influencer,1
User_322,VanishedSunset,Regular User,1
User_323,NightPrisoner,Influencer,2
User_324,WindWhisperer,Regular User,3
User_325,MazeExplorer,Influencer,1
User_326,WoundedGarden,Regular User,1
User_327,RuinedHeart,Influencer,1
User_328,KnotUntangler,Regular User,1
User_329,ElusiveKeys,Influencer,1
User_330,IndifferentFort,Regular User,2
User_331,DreamMosaic,Regular User,2
User_332,NocturnalEcho,Influencer,2
User_333,NatureAdmirer,Influencer,3
User_334,GoalPursuer,Regular User,1
User_335,MemoryLane,Influencer,1
User_336,CultureEnthusiast,Influencer,1
User_337,RainWatcher,Influencer,1
User_338,PersonalJourney,Influencer,1
User_339,VacationDreamer,Influencer,2
User_340,LifeLearner,Influencer,1
User_341,FarewellSender,Influencer,1
User_342,HistoryExplorer,Influencer,1
User_343,CraftEnthusiast,Influencer,1
User_344,WinterLover,Influencer,1
User_345,SunsetWatcher,Influencer,2
User_346,FitnessJunkie,Influencer,1
User_347,CoffeeLover,Influencer,1
User_348,HikingExplorer,Influencer,1
User_349,KittyObserver,Regular User,1
User_350,Stargazer,Influencer,2
User_351,FriendshipRenewal,Influencer,1
User_352,CelebrationPlanner,Influencer,1
User_353,DIYEnthusiast,Influencer,2
User_354,CommunityHelper,Influencer,1
User_355,GardenEnthusiast,Influencer,2
User_356,Wanderlust,Influencer,1
User_357,GrowthSeeker,Influencer,2
User_358,ChildhoodMemories,Influencer,1
User_359,CultureExplorer,Influencer,1
User_360,PublicSpeaker,Regular User,1
User_361,FamilyCelebration,Influencer,1
User_362,LifelongLearner,Influencer,1
User_363,CityExplorer,Influencer,1
User_364,FitnessAchiever,Influencer,2
User_365,RainbowChaser,Influencer,1
User_366,FutureOptimist,Influencer,1
User_367,CareerAchiever,Influencer,1
User_368,SunnyDayEnthusiast,Regular User,1
User_369,Bookworm,Influencer,3
User_370,ArchaeologyEnthusiast,Influencer,2
User_371,NightSkyObserver,Influencer,2
User_372,ArtConnoisseur,Influencer,1
User_373,PlayfulParent,Influencer,1
User_374,ZenSeeker,Influencer,1
User_375,SkyDreamer,Influencer,1
User_376,DanceEnthusiast,Influencer,2
User_377,FairyTaleExplorer,Influencer,1
User_378,RuinsExplorer,Influencer,2
User_379,RollercoasterFan,Influencer,1
User_380,MusicHarmonist,Influencer,2
User_381,StudioArtist,Regular User,2
User_382,SpringEnthusiast,Influencer,2
User_383,CosmosExplorer,Influencer,2
User_384,SeaBreezeLover,Influencer,2
User_385,ForestDreamer,Influencer,3
User_386,WinterWarmth,Influencer,3
User_387,FamilyGatherer,Influencer,2
User_388,CulinaryExplorer,Influencer,2
User_389,PuzzleSolver,Influencer,2
User_390,CathedralVisitor,Influencer,2
User_391,NightSkyObserver,Influencer,2
User_392,MusicLover,Influencer,2
User_393,CarnivalGoer,Influencer,1
User_394,MindfulExplorer,Influencer,1
User_395,CoastalExplorer,Influencer,1
User_396,MasqueradeAttendee,Influencer,1
User_397,FairyTaleAdventurer,Influencer,1
User_398,RuinsExplorer,Influencer,2
User_399,ThrillSeeker,Influencer,1
User_400,MusicHarmonist,Influencer,2
User_401,StudioArtist,Regular User,2
User_402,SpringEnthusiast,Influencer,2
User_403,CosmosExplorer,Influencer,2
User_404,SeaBreezeLover,Influencer,2
User_405,ForestDreamer,Influencer,3
User_406,WinterWarmth,Influencer,3
User_407,FamilyGatherer,Influencer,2
User_408,CulinaryExplorer,Influencer,2
User_409,PuzzleSolver,Influencer,2
User_410,CathedralVisitor,Influencer,2
User_411,ArchaeologyEnthusiast,Influencer,2
User_412,SnowfallEnthusiast,Influencer,1
User_413,BreadLover,Influencer,1
User_414,NatureResilient,Influencer,1
User_415,Bookworm,Influencer,3
User_416,FamilyHistorian,Influencer,1
User_417,NightSkyWatcher,Influencer,1
User_418,TeaEnthusiast,Influencer,1
User_419,MarketExplorer,Influencer,1
User_420,LakesideRetreater,Influencer,1
User_421,LostInLove,Regular User,1
User_422,SolitudeSeeker,Influencer,1
User_423,FriendshipsEnd,Influencer,1
User_424,LostInDarkness,Influencer,1
User_425,BrokenTrust,Influencer,2
User_426,SilentSufferer,Influencer,1
User_427,StormyFeelings,Influencer,1
User_428,LingeringGhost,Influencer,1
User_429,EchoesOfLoss,Influencer,1
User_430,WinterOfEmotions,Influencer,1
User_431,ShatteredHopes,Influencer,1
User_432,AbyssOfTime,Influencer,1
User_433,SolitaryDescent,Influencer,1
User_434,SerenadeOfSolitude,Influencer,1
User_435,PoisonedHeart,Influencer,1
User_436,WearySoulCrushed,Influencer,1
User_437,StringsOfSorrow,Influencer,1
User_438,SoulInShadow,Influencer,1
User_439,WhisperedDespair,Influencer,1
User_440,DreamsInWind,Influencer,1
User_441,DreamEchoes,Influencer,1
User_442,RemorseWalker,Influencer,1
User_443,JoyLabyrinth,Influencer,1
User_444,SolitudeSeas,Influencer,1
User_445,PalateStainer,Regular User,1
User_446,HopeRuins,Influencer,1
User_447,OceanSinker,Influencer,1
User_448,InkJournalist,Influencer,1
User_449,TrustWasteland,Influencer,1
User_450,DreamTightrope,Influencer,1
User_451,EchoedLaughter,Influencer,2
User_452,PossibilityGhost,Influencer,1
User_453,EndlessLabyrinth,Influencer,1
User_454,RiverOfSorrow,Influencer,1
User_455,DreamGardener,Influencer,1
User_456,CurrencyOfTears,Influencer,1
User_457,MazeWanderer,Regular User,1
User_458,StormSeeker,Influencer,1
User_459,TapestrySorrow,Influencer,1
User_460,WitheredRose,Influencer,1
User_461,LoveSongEcho,Influencer,1
User_462,MoonlitMemories,Influencer,1
User_463,SymphonyOfTears,Influencer,1
User_464,VenomousGarden,Influencer,1
User_465,QuicksandFighter,Influencer,1
User_466,DreamCemetery,Influencer,1
User_467,RegretRiver,Influencer,1
User_468,HeartAttic,Influencer,1
User_469,PromiseGallery,Regular User,1
User_470,EchoedConversation,Influencer,1
User_471,SunshineDancer,Influencer,1
User_472,EchoedLaughter,Influencer,2
User_473,GardenOfJoy,Influencer,1
User_474,DreamChaser,Influencer,2
User_475,StarSerenader,Influencer,1
User_476,GlowAchiever,Influencer,1
User_477,DanceHarmony,Influencer,1
User_478,LaughterCup,Influencer,1
User_479,QuiltedCompassion,Influencer,1
User_480,FriendshipGarden,Influencer,1
User_481,MelodyOfLove,Influencer,1
User_482,ColorfulLaughter,Influencer,1
User_483,SymphonyFervor,Influencer,1
User_484,WrappedDelight,Influencer,1
User_485,MazeDiscovery,Influencer,1
User_486,CloudsOfBlessings,Influencer,1
User_487,CometCreativity,Influencer,1
User_488,FireworksTriumph,Influencer,1
User_489,LaughterSymphony,Influencer,1
User_490,EmotionCarnival,Influencer,1
User_491,ParisDreamer,Influencer,1
User_492,DisneylandExplorer,Influencer,1
User_493,FerrariSpeedster,Influencer,1
User_494,KeukenhofAdventurer,Influencer,1
User_495,KyotoAdventurer,Influencer,1
User_496,CanyonMarveler,Influencer,1
User_497,SantoriniTraveler,Influencer,1
User_498,PetraExplorer,Influencer,1
User_499,VeniceRomantic,Influencer,1
User_500,MachuPicchuAdventurer,Influencer,1
User_501,TimesSquareExplorer,Influencer,1
User_502,ColosseumAdventurer,Influencer,1
User_503,MaldivesSailor,Influencer,1
User_504,AmazonExplorer,Influencer,1
User_505,GreatWallWalker,Influencer,1
User_506,FujiSummitAchiever,Influencer,1
User_507,AngkorWatAdventurer,Influencer,1
User_508,AlpsSkiAdventurer,Influencer,1
User_509,KyotoBambooSeeker,Influencer,1
User_510,NorwayFjordExplorer,Influencer,1
User_511,AdeleConcertGoer,Influencer,1
User_512,BeyonceDancer,Influencer,1
User_513,SwiftieDreamer,Influencer,1
User_514,QueenTributeFan,Influencer,1
User_515,SheeranMelodyLover,Influencer,1
User_516,MarsJoyExplorer,Influencer,1
User_517,MJTributeDancer,Influencer,1
User_518,SinatraCharmListener,Influencer,1
User_519,MetallicaMoshWarrior,Influencer,1
User_520,ColdplayHopeSeeker,Influencer,1
User_521,BieberDanceEnthusiast,Influencer,1
User_522,GagaArtisticChameleon,Influencer,1
User_523,AdeleMelodyTearjerker,Influencer,1
User_524,KatyPerryColorExplosion,Influencer,1
User_525,JayZEmpireListener,Influencer,1
User_526,ShakiraHipsDancer,Influencer,1
User_527,U2ConnectionSeeker,Influencer,1
User_528,GunsNRosesRiffRockstar,Influencer,1
User_529,ArianaEuphoriaChaser,Influencer,1
User_530,MarleyReggaeTraveler,Influencer,1
User_531,MovieEnthusiastPremiereAttendee,Influencer,1
User_532,FilmLoverNostalgiaSeeker,Influencer,1
User_533,WebSeriesViewerCharacterConnection,Influencer,1
User_534,IndieFilmmakerFestivalSuccess,Influencer,1
User_535,DramaEnthusiastHeartwarmingMoments,Influencer,1
User_536,AwardWinningActorOscarsRecipient,Influencer,1
User_537,DocumentaryEnthusiastHiddenGemFinder,Influencer,1
User_538,FilmBuffContemplativeViewer,Influencer,1
User_539,CrimeSeriesEnthusiastThrillSeeker,Influencer,1
User_540,FilmCriticSatisfactionSeeker,Influencer,1
User_541,FootballFanWorldCupCelebration,Influencer,1
User_542,OlympicsEnthusiastGoldMedalWinner,Influencer,1
User_543,CricketFanChampionshipThrills,Influencer,1
User_544,MarathonSpectatorRecordBreaking,Influencer,1
User_545,TennisEnthusiastGrandSlamDrama,Influencer,1
User_546,BasketballFanUnderdogTriumph,Influencer,1
User_547,GolfEnthusiastPrecisionVictory,Influencer,1
User_548,F1FanHighSpeedRaceExcitement,Influencer,1
User_549,CyclingEnthusiastWorldChampion,Influencer,1
User_550,HockeyFanComebackVictory,Influencer,1
User_551,SoccerFanTeamDefeats,Influencer,1
User_552,TennisEnthusiastUnexpectedSetback,Influencer,1
User_553,BoxingFanChampionshipDefeat,Influencer,1
User_554,CyclingEnthusiastTireBlowout,Influencer,1
User_555,GymnasticsFanRoutineFall,Influencer,1
User_556,GolfEnthusiastMissedPutt,Influencer,1
User_557,BasketballFanTeamLosses,Influencer,1
User_558,SwimmingEnthusiastRaceSetback,Influencer,1
User_559,WeightliftingFanFailedRecord,Influencer,1
User_560,SoccerPlayerOwnGoalMoment,Influencer,1
User_561,NatureEnthusiastSunsetWonder,Influencer,1
User_562,TravelEnthusiastRoadTripDiscovery,Influencer,1
User_563,UrbanExplorerCafeSolitude,Influencer,1
User_564,ArtEnthusiastStreetArtExploration,Influencer,1
User_565,ScienceEnthusiastDiscoveryMoment,Influencer,1
User_566,MusicLoverLiveOrchestraExperience,Influencer,1
User_567,HomeBakerDeliciousMemories,Influencer,1
User_568,HistoryBuffMuseumExploration,Influencer,1
User_569,BookwormCaptivatingNovelEscape,Influencer,1
User_570,PhotographyEnthusiastMarketMoments,Influencer,1
User_571,DanceEnthusiastCityNightPerformance,Influencer,1
User_572,FoodieMarketStreetFoodExploration,Influencer,1
User_573,SnowLoverWinterEnthusiast,Influencer,1
User_574,MysteryBookwormSuspensefulRead,Influencer,1
User_575,GardeningEnthusiastFlowerGarden,Influencer,1
User_576,AstronomyEnthusiastStargazing,Influencer,1
User_577,CoffeeLoverWritersRetreat,Influencer,1
User_578,FashionEnthusiastDesignerShowcase,Influencer,1
User_579,SurfingEnthusiastWaveRider,Influencer,1
User_580,HistoryExplorerAncientCityTour,Influencer,1
User_581,CrushAvoider,Regular User,1
User_582,MovieBuff,Influencer,2
User_583,SelfieAddict,Influencer,1
User_584,AudioExplorer,Influencer,1
User_585,MemeCreator,Influencer,1
User_586,FashionBlunder,Influencer,1
User_587,GroupGenius,Influencer,1
User_588,ChipExplorer,Influencer,1
User_589,ExcitementSeeker,Influencer,1
User_590,NightReader,Influencer,1
User_591,GamingEnthusiast,Influencer,2
User_592,LazyWatcher,Influencer,1
User_593,TrendExplorer,Influencer,1
User_594,MusicalExplorer,Influencer,1
User_595,MusicAficionado,Influencer,1
User_596,HomeChef,Influencer,2
User_597,AdventureSeeker,Influencer,1
User_598,DanceEnthusiast,Influencer,2
User_599,NostalgiaExplorer,Influencer,1
User_600,HomeDecorator,Influencer,1
User_601,ArtExplorer,Influencer,2
User_602,ThoughtfulBlogger,Influencer,1
User_603,NovelEnthusiast,Influencer,1
User_604,WiseSoul,Influencer,1
User_605,ArtAdventurer,Influencer,1
User_606,HomeChefSenior,Influencer,1
User_607,LinguisticExplorer,Influencer,1
User_608,MusicConnoisseur,Influencer,1
User_609,PhotographySenior,Influencer,1
User_610,TeaTimeSenior,Influencer,1
User_611,RoadTripSenior,Influencer,1
User_612,ChoirEnthusiast,Influencer,1
User_613,MeditationSenior,Influencer,1
User_614,GardenEnthusiast,Influencer,2
User_615,WineConnoisseur,Influencer,1
User_616,ArtisticSenior,Influencer,1
User_617,MemoiristSenior,Influencer,1
User_618,HistoryEnthusiast,Influencer,1
User_619,FamilyChefSenior,Influencer,1
User_620,NaturePhotographySenior,Influencer,1
User_621,JazzMusicLover,Influencer,1
User_622,SeniorWordsmith,Influencer,1
User_623,SoloAdventurer,Influencer,1
User_624,CarEnthusiastSenior,Influencer,1
User_625,GreenThumbSenior,Influencer,1
User_626,FamilyHostSenior,Influencer,1
User_627,DanceEnthusiastSenior,Influencer,1
User_628,ArtGalleryVisitor,Influencer,1
User_629,SeniorBookClub,Influencer,1
User_630,SeniorPicnicHost,Influencer,1
User_631,SeniorActor,Influencer,1
User_632,SeniorHikerExplorer,Influencer,1
User_633,SeniorPhotographerExhibitor,Influencer,1
User_634,SeniorCyclingEnthusiast,Influencer,1
User_635,SeniorWineConnoisseur,Influencer,1
User_636,SeniorBallroomDancer,Influencer,1
User_637,SeniorPaintingOrganizer,Influencer,1
User_638,SeniorMemoriesHost,Influencer,1
User_639,SeniorStargazer,Influencer,1
User_640,SeniorJazzFestivalGoer,Influencer,1
User_641,WisdomBloggerSenior,Influencer,1
User_642,SeniorCharityRunner,Influencer,1
User_643,PhysicsWhizHighSchool,Influencer,1
User_644,CodeExplorerHighSchool,Influencer,1
User_645,DebateWarriorHighSchool,Influencer,1
User_646,PhotoClubHighSchool,Influencer,1
User_647,PromDreamerHighSchool,Influencer,1
User_648,OutdoorClassHighSchool,Influencer,1
User_649,PaintSpillHighSchool,Influencer,1
User_650,SkateProHighSchool,Influencer,1
User_651,KpopFangirlHighSchool,Influencer,1
User_652,ChemistryWizardHighSchool,Influencer,1
User_653,BirthdayPartyPlannerHighSchool,Influencer,1
User_654,DramaClubStarHighSchool,Influencer,1
User_655,FantasyBookNerdHighSchool,Influencer,1
User_656,DoodleMasterHighSchool,Influencer,1
User_657,HandstandChallengeHighSchool,Influencer,1
User_658,SnackSmugglerHighSchool,Influencer,1
User_659,SleepoverHostHighSchool,Influencer,1
User_660,TikTokFailHighSchool,Influencer,1
User_661,SocialMediaBlunderHighSchool,Influencer,1
User_662,CrushFailHighSchool,Influencer,1
User_663,PaperPlaneExpertHighSchool,Regular User,1
User_664,JugglingProHighSchool,Influencer,1
User_665,SnackNinjaHighSchool,Influencer,1
User_666,ScavengerHuntMasterHighSchool,Influencer,1
User_667,RainDanceCelebrationHighSchool,Influencer,1
User_668,GroupChatBlunderHighSchool,Influencer,1
User_669,MagicFailHighSchool,Influencer,1
User_670,OrigamiProHighSchool,Influencer,1
User_671,HackySackChampionHighSchool,Influencer,1
User_672,SecretHandshakeHighSchool,Influencer,1
User_673,BurgerQuestHighSchool,Influencer,1
User_674,ComedyGeniusHighSchool,Influencer,1
User_675,LoveLetterBlunderHighSchool,Regular User,1
User_676,ScienceExperimentProHighSchool,Influencer,1
User_677,BraceletCraftsmanHighSchool,Influencer,1
User_678,CartwheelMasterHighSchool,Influencer,1
User_679,MovieMarathonHostHighSchool,Influencer,1
User_680,HairColorExperimentHighSchool,Influencer,1
User_681,TimeCapsuleCreatorHighSchool,Influencer,1
User_682,ClassroomBlunderHighSchool,Regular User,1
User_683,SmoothieConnoisseurHighSchool,Influencer,1
User_684,OverwhelmedHighSchoolStudent,Regular User,1
User_685,DealingWithHateHighSchool,Influencer,1
User_686,ToughDayHighSchool,Influencer,1
User_687,SportsTeamRejectionHighSchool,Influencer,1
User_688,CafeteriaConflictHighSchool,Influencer,1
User_689,ProjectGradeDisappointmentHighSchool,Influencer,1
User_690,PersonalSetbackHighSchool,Influencer,1
User_691,LonelySaturdayHighSchool,Regular User,1
User_692,CyberbullyingVictimHighSchool,Regular User,1
User_693,RainyDayBluesHighSchool,Influencer,1
User_694,MissedOpportunityHighSchool,Influencer,1
User_695,RumorVictimHighSchool,Influencer,1
User_696,FlatTireWoesHighSchool,Influencer,1
User_697,FriendMovingAwayHighSchool,Influencer,1
User_698,CollegeRejectionHighSchool,Influencer,1
User_699,GamingToxicityHighSchool,Regular User,1
User_700,BadHairDayBluesHighSchool,Influencer,1
User_701,ProjectFailureDespairHighSchool,Influencer,1
User_702,OpinionsHateHighSchool,Influencer,1
User_703,TechMalfunctionWoesHighSchool,Influencer,1
User_704,MissedEventBluesHighSchool,Influencer,1
User_705,StudyTechniqueExperimentHighSchool,Influencer,1
User_706,CommunityCleanupHighSchool,Influencer,1
User_707,BookRecommendationsHighSchool,Influencer,1
User_708,BakeSaleRecipeExperimentHighSchool,Influencer,1
User_709,SchoolProjectCollaborationHighSchool,Influencer,1
User_710,ExtracurricularExplorationHighSchool,Influencer,1
User_711,PartTimeJobExplorationHighSchool,Influencer,1
User_712,SchoolAssemblyParticipationHighSchool,Influencer,1
User_713,PhotographyHobbyHighSchool,Influencer,1
User_714,ScienceFairParticipationHighSchool,Influencer,1
User_715,TimeManagementWorkshopHighSchool,Influencer,1
User_716,CharityEventVolunteerHighSchool,Influencer,1
User_717,GroupProjectCollaborationHighSchool,Influencer,1
User_718,DebateClubParticipationHighSchool,Influencer,1
User_719,BirthdaySurpriseHighSchool,Influencer,1
User_720,CodingSuccessHighSchool,Influencer,1
User_721,TalentShowSupportHighSchool,Influencer,1
User_722,WeekendHikeHighSchool,Influencer,1
User_723,SportsVictoryHighSchool,Influencer,1
User_724,PenPalConnectionHighSchool,Influencer,1
User_725,MuralCreationHighSchool,Influencer,1
User_726,ArtExhibitionJoyHighSchool,Influencer,1
User_727,TrackFieldSuccessHighSchool,Influencer,1
User_728,ScienceProjectSuccessHighSchool,Influencer,1
User_729,BirthdayPartyJoyHighSchool,Influencer,1
User_730,CharityFundraisingTriumphHighSchool,Influencer,1
User_731,MulticulturalFestivalJoyHighSchool,Influencer,1
User_732,VirtualTalentShowSuccessHighSchool,Influencer,1
